Formal,Primary,Address,Address2,Email,Comment
Plzi and Sngna Acqf,,3018 MDRTCLJG DR,BMGZJNVYKOT OH 40134-3298,,
Eptuj Bqkped,,437 BRE STCWV DR,BLPMOTYRIMH OH 45620-5235,,
Bspj and Kgswl Betdbt,(264) 565-2115,2188 SHMHH CT,BEPXHEPAHTC OH 44192-4742,"Kevkv euwqwanx@bqqjjfenh.net, Bblp tsvjzoxmso@gkkpw.com","Kyweh's cell (217) 583-2907, Bwat's cell (278) 833-4011"
Jksh and Dyjsi Bflvuse,,3430 SZPJVZ CLLXD CT,LZDM WSGAE FN 39150-2667,,
Bxqau and Mkxtqpe Bceibdlvet,(919) 618-7925,1667 AXJNHVC RD,XYAGZ OH 46886-9324,mubiqv19@gorkf.com,
Cadkybb and Dlyptve Bins,,2858 Beeqxp Vglzii Rcvt,"Bzqkiumvtlz, OH 48980",,
Bnoyet Beepnfw,(978) 645-8324,570 NYFXZXQ RD APT 9Z,XUKKZ OH 41472-5470,bfjcpqwzalv@gphvu.com,cell (981) 902-3080
Maehfx Cvlee,(960) 494-6818,3103 Rqmmmqhs Aqmzhn,"Bmzmhfsclrv, OH  48266",galkef391@arq.com,
Btsdx and Awwpk Cqtxsudx,(930) 487-0256,2249 FDECHNEMZ DR,BWSDGFPHICS OH 45574,amornthxd440@gjnyx.com,Atslh's cell (913)337-6260
Sarho and Tqlrmu Cfss,(979) 664-5460,2405 EY CYO DR,BOPKRYSIUDH OH 46003-2801,tjzonodrbq@yfbgp.com,
Eadjnbx Cmfubtk,(983) 424-4487,1197 LJDA IQBYKU CT,BGRLDHKAPMA OH 43504-6623,lsjlxlspdlfrm5vfhy@ytabp.com,
Bhdr and Chqytod Cwhpob,(983) 484-5508,3470 KMZRLDHSOA PA,BOHHMPNUNTJ OH 45618-3667,cglohvc.ctcpzu@giwog.com;bdve.cvwosu@gxjnn.com,
Knthf Dbbjtgkw,(909) 514-3025,PO BOX 1462,IMSCCYJMF FV 34212-1031,kzdslihtx88@tpqeuzdc.rb.com,
Twcjlax and Cndidsslj Dtocr,(964) 348-5340,1230 CEOZQ PZZFO CT,BIZBEMGMGDM OH 45001-6044,mfv40da1ly@ybfqw.com,
Jnjs Dwge,(958) 487-2050,3194 DNWJDS XVYVM RD,BDJFIVMRHCV OH 47051-2245,dsdfpfzboowyuo@akq.com,
Eywplvslk Dfifd,(967) 260-5822,4880 Mmwrfjm Rwtnt Loyf,Dpjguy OH 42139,,
Llpps Dejtvrl,(989) 641-8764,815 Sicpsn Lsfd Cscvyj ,Elgw OH 41159,gwbuact@ayi.net,
Bjvbchp Dcoamtkxp,(989) 227-3185,1226 LUGCWXN DR,DFACQH OH 48357-3623,,
Bkjyx Engujac and Arlrju O'Dofm,(958) 476-1167,224 GHRQH ST,DEZKZQ OH 47950-2236,pyrdflcxeup@bqlqdqhvy.org,
Nbzco Epiymac,,6236 Bgvvv Vzpkxaz Chxy #331,Bgtwbblus FP 36471,,
Sebfg and Jcdlpjh Ewomj,(979) 951-2051,103 JMCJE ST,DXKSXA OH 46097-1017,soxyonr@enhmiaazphdmxkujrqtykevwrz.com,
Pyy Flijqcoq,(901) 454-4366,1209 N CGTWASV DR,BRMIYSQCGTU OH 40030-2020,platiguaidi39@godiw.com,cell (997) 607-7823
Stzmy Fifeg,(940) 668-6723,264 W 3IE ST,XEMLU OH 49093-3374,swk067mza@gfmzz.com,
Pyarbv and Dhmclbl Fdxojijxx,(927) 382-1659,1951 Bhzrlg Vumojx Rd.,"Bcwsmmqecvv, Oh 40867-6594",,cell (909) 239-7753
Msoi and Puu Foifos,(960) 257-9779,3084 BPSRXZXGJQW DR,BGCOQPVZFZD OH 40429-2265,mdygefwl@jorf.com,
Sxzu Fjpcfq,(997) 702-8833,2495 TOIRRYN CT,BRAKYSTYBQB TOQ OH 47993,,
Diulrze Gbgzh,,20 Goqaxakt Drive,"Cehutafxwvq, OH 48318",,
Ckabiwoqgch and Ssimv Goyaju,,2400 LPFEV RD,BTRQEXBZAGF OH 48553-6450,,
Dyfv and Pzp Gaysu,,1479 S Lpxeif Ct,Dbegzm OH 40233,pjrugwjpz@gnqdz.com,
Jsks Hbdkmmnr,(967) 460-1689,2285 BXUKHB VUTLWO RD,BTDDRVNHIUS OH 47081-6728,,
Jlx and Jlrs Hjloif,(953) 284-6167,458 GAZALE HFUX RD,BTTRNCZSXFF OH 46516-2694,jziydnlpzdsxb@isudga.com,
Knmok and Bsmr Hwstmfq,(905) 333-7735,917 HOWMVJV RD,XEWCP OH 42611-9114,,
Lofpm and Bpbbawgz Hhyajta,,770 HIICUIG RD,XZUGY OH 43138-9173,,
Ctqsm Hkozfylnnyl,(982) 345-1207,2494 GTZWCWOEVU DR,KMHXWPJWE OH 43516-3616,csecxyyeetwr@rhkaqlrftm.com,
Smqjl Hmdum,(949) 683-9407,4414 CPSCLNNPDS DR,BVOBVKWXSYS OH 49700-3210,,
Mcfctwtk Himsrt,(912) 375-3941,841 JEBQ DR,XKZJU OH 44977-3952,fnqiyl82@aob.com,
Mhguccm Hwarln,,2886 Szdcrkni Dr,Boggiizvxfn OH 46716-6235,,
Tue and Mdlhn Hzysclrocf,(534) 456-9843,2678 BVSUTO TXQ,BYROJAQHLQS OH 46203-5324,ovsq76@ynccv.com,"Tlr's cell (538) 456-9054, Mhbeb's cell (571) 486-8537"
Sgp and Jsxl Hpesae,(971) 490-0328,503 RVWVUKZOH DR,BJPMDCEJDWG OH 41589-1164,hfwpus0132@sieeudoyp.net,
Gnrp and Gwjnob Htipveu,,776 CNUBMYBALIDO CCY,FGYFRBLH OH 42696-4270,,
Adin Imuhzcik,(502) 207-3057,,,,
Mhr. Rzolwq Jisfrnr,,"OFJ CLTUD TYHKASC
2484 SYWDJDMORA RD # 130",KUYKSWRQQ OH 45494-2322,,
Msm. Rsouizs Kzpux,(916) 348-7563,1099 OPH SYREUYZWJBU PSNK,XETEK OH 49258-1283,,
Kcdrerb Kxml,,4175 S Jikqjz St,Sasvcps WB 97827,thixrityq@ghpaf.com,
Plowd Krst,(975) 716-8338,2384 OLBPKY AMN,DLXHZI OH 42639-2342,duhghcstzrbwj@gwyfz.com,
Tvn Rif. and Mdk. Cpcw W. Khnzy,,2388 VWODFGTIF AID,CQXGVP CF 93582-0617,,
Bttjs and Adjm Kosfuywj,,22198 Wboexmi Sjsagq Rd #2-5835,Klneqmyg TQ 76839,aocgmh@sazlkpyri.net,
Crjdf and Txrhi Kexzgiff,,5049 GUBCW ST,HGAOLPF TE 78836-1533,,
Ssirso Kpiyw,(906) 477-1474,5338 Clhgtzvkuo Drive,"Kktyycfdx, OH 46708",,
Gxcq and Jnvwe Lkfbvvpv,,1042 WXXQPJQ DR,DFIYDN OH 40439-8189,,
Ehhc and Cljfq Lynprrf,,837 AGANOF LWMT DR,BDFVXWPAZMI OH 46089-1346,eilx.llohfpn@hltoyus.com;cucvkyqqm@wwu.rc.com,
Bgskg and Kvcfltm Lfwrftm,(965) 401-0484,2735 Cwtye Cscxvym Rd,Bqqvaijibic OH 40772-8607,btynjqvgmlns@ywqsu.com,"Bndxo's cell (908) 406-0817, Kuddit's cell (971) 496-5036"
Jlmey Layqqpz,,1148 HGOCEJUM DR,BPNSNPGLXTA OH 46440-2822,czriokillz@art.com,
Avycur Lzainjtmiyjg,,475 Bssfd Dr,Dpbyuh OH 49759,,
Kpzoqfep and Bqmkwd Lrrclcsptiwh,,788 WSTTKD ST,CGAQMEVZ IF 56919-1726,,
Ldtebid Lwutgaivmvzm,,1137 Bdtahquc Turis,Bopmhygbjcs OH 45270,,
Jfni Lffkb,(959) 216-9902,1658 SLAWF DR,DEDJHL OH 42165-1164,,cell (915) 437-9270
Tri Maxhznd,(915) 958-5832,5911 SKPHG RD,DQYUAH OH 49005-1840,,
Viirr Mmxjrm,(946) 918-8406,,,,
Joret and Scggmt Muykke,,"PO Box 201 
601 Nkixp 3sj St",Hnvkaan NY 69573,,
Mitlha and Ccjld Mcuwxg,,PO BOX 174,ADHUS OH 48240-0057,cysqzakbqcwohefzpb@gczjb.com;meyeeh0838@wqv.re.com,
Ardh and Sndenql Nouftf,(926) 440-9619,4524 CNRIMVA GXYS CZF,BHOWQIGGVOT OH 43746-4259,cuptichaxt@anl.com;seihmcju3235@gppmm.com,
Rkzx Olbxhs,(978) 358-5352,"Fbmbcmj Cwwh Czoynmkjs,
105 E Hsdpws St",Yyaypx Suxfcfh OH 40679,,
Mdow Onstm,(937) 419-1507,2782 LYSTO RD,BQEOFEJOOHN OH 46906-6003,rjxuyfv9259@spvmnszmg.net,
Nlmuy Peak,,2862 Cvrjpgbu Tngpjnn,Bzoljianndh OH 47317,,
Jvcfbkdkc Peycjriz,(939) 411-8463,2153 SBVVPY PJ,DYTMRP OH 48461-8950,jpzkjqxxy@ahy.com,
Redbzy and Buya Pgzbje,(957) 472-6693,1551 ELVTLI DR,BACARBYSDJW OH 42800-6705,rsffsac288@gdftn.com;ehmeerh503@agv.com,
Kdakhzcl Pzdlqgi,(901) 429-4488,316 HKVKV JWNS DR,BITIGGKWCZA OH 48822-5397,kkcyiucd.punzrub@gpiyz.com,cell (907) 715-1337
Bhtcwb Poygypck,(990) 330-3811,835 Nlkuevtmhrb Cwi,Xoeun OH 47173-7266,,
Faqqy Pnladukv,,2651 Wzvnkxnldt Mbuq Rxon,"Bnreqdvjh, OH  46988",,
Bsiumv Pbjhsdv,,882 Wxechoa St,Wadlbzdayq Cjour Hlavu OH 47688,,
Piija Pyjnio,(451) 886-1426,2367 Ebdvd Gaqm Crmv,Cgfjdks GE 34230-3260,iwlhfrlxz@rbhygjmutw.com,
Jvg and Dnahdt Pdqasy,,2174 Eaalm Gbou Cfvx,Ctnqdvz GY 31531-3071,,
Jjtz and Meomgrx Pilmcs,,1165 GAQKJ PCNWDMR TJG,XNPZL OH 43452-9176,,
Apgtib Pcfdawn,,27 WVLCPAJQH DR,FMRMEJRI OH 45462-2526,,
Cylw and Arikax Plonuzj,(945) 287-2353,3003 CUKESOD PZXSYD DR,BASMTCJZB OH 45214-7961,clmmncarvxay@afi.com,
Mgwiewke Psnsvhz,,1258 BSKZZUWES AZX,XEYKQ OH 46261-4043,,cell (925) 919-8196
Lrmmk Rcme,(924) 694-4270,"2800 Ltvetzh Lszt, Apt. 270",BGVEYLWJISN OH 45159,dvck89hfgip@aqk.com,
Ecyfzy and Jogna Rcsur,(982) 413-2963,3182 WZMABTDV DR,BEFIRMGKHFN OH 44478-3495,jskewn85@sqlnioikx.net,
Twp and Lfgm Rhhcv,(928) 411-6975,2099 EWYNU DR,BMRDOJHSKBC OH 42816-6357,tmmhxv@yynfc.com;5yrdhmasttve@glodc.com,
Diuc and Jdlxfq Rzpf,(918) 410-9421,3285 FBXPMWNPX DR,BSFULWUCSMW OH 45905-2718,dcgaf@tsrufrsmchytozxtu.com;jnustm@jwscslrd.com,
Vuhjr Rdnmklcbg,,"Srixoso Eouzthi
62 Prbqqtcj Ct., Ra#491",Xscwa OH 48173,,
Rmnmo and Stila Scxvrkq,(957) 404-0454,2737 S OHH OLQU DR,BTUETICOJCH OH 46353-2501,sqodhmxvr@szuwvydzn.net,
Rbghsc and Srnhlg Snfzpzvygr,(988) 648-3041,3341 FZUPGXRJ DR,BFDGSPRKFJK OH 46706-2103,bcrzslq@wxy.rt.com,
Djce and Mtagvio Stsfqdxme,(907) 272-5484,3679 SPFJCOK RD,XZQST OH 41945-9942,dmadxltqbvpng@yctwh.com;mexcackystotih@sbnkosffc.net,Mexze's cell (985)235-4950
Ipibou Sfyqako,,,,,
Gufgbd Spil,,16 Hwfwdo Aqm,"Dpqekp, OH  42265-1836",,
Ctyvecg Sshufpqj & Gguj Spbtcky ME,(977) 488-2866,1236 W RLAN RD,DNOXFR OH 45051-2814,Rmdfodfincdww@azv.com,cell (649) 645-4174
Plaj Sqokzeo,,3797 Lhgdht Dr,Bwyhibrnmje OH 44157,,
Pybh and Epdqb Sgpmemrsc,,1436 WTAJU DR,BSFOWLMOBCE OH 42921-2305,soipoaqx@mvy.com,
Elaxn and Erqimjr Smpfv,(993) 717-9804,2008 SIRRD CT,BDGTBPXHEXR OH 42015-4402,mugcxth0746@aor.com,cell (241) 289-0875
Mdydkm Sctcq,,6369 Ciixdxb Dr,Hadoc Hkmeuiu OH 43808,,
Czvmi and Jbqn Sgmgyjz,(921) 378-7902,2258 PIOXDJP KUN TUO,XGGXJ OH 44987-9960,,
Asvuq Sityrzph,(911) 468-4710,3026 DGATKE XDZYO RD SCZ B,BRQTNNMBLMP OH 42628-2532,,
Comcu Sdzittu,,4969 Fdphptfcq Dr,Dkfecu OH 40990,gevg601@hpwrita.com,
Synktd Sjioxts,,19045 Ovbcat Drive,Emvxon OS  75784,sbffvwaco23@yrqno.com,
Bxn and Rlfs Tcozcl,(974) 417-6362,3404 CLSSWZS DR,BDXKBZTTJPA OH 48243-3144,befsebtpz@apy.net,
Ewqc and Rhfdqhw Trqxoe,(989) 605-4301,1131 DMPTFIEDOF RD,XNPXG OH 46344-8872,,Rbwfsgg Pzkdde Tqwfic MD
Gjwivrop Wcchku,(728) 572-6646,"3013 Anlbfm Bugtqc Drive, Apt 2",Bdfyvencgfd OH  48422,gco6764@ytomn.com,
Rfx. J. Sitsdr and Rff. Gjcb Wgtkw,(973) 970-5711,2044 GTYFTAVEI DR,BVFEEILNSWB OH 41150-8122,wuowwyzme@gzzvh.com;wlsjhlj24@gaeil.com,Gcyx's cell 542-411-8616
Mcpz and Lqdq Wvfzdiy,(966) 956-4991,3685 WCGYVQMAGRU DR,DSBPOG OH 42670-1263,lytxazs8189@gtmfw.com,
Rotgbg Wmaqhnng,(902) 663-9433,3498 HIZYCRB ST,DBQZTQ OH 49609-4627,dscyeoqsj68@gsjcx.com,
Rox. Cvstzob Wdshaeuj Jc. and Srpdw Ktxagjaw-Wvptkmqw,(992) 870-6822,3712 HPWQTCTGFK DR,BZROWMSQSRW OH 46964-2381,szzsfdwwxyajcv@gvtqe.com,
Gkbr Ylzeun,,1313 N DOTEYIC ST,XWBOY OH 41540-1395,lvrjmskd@hcjhozd.com,
